Subject, Start Date, Start Time, End Date, End Time
mytimeprroect, 2017-02-19, 09:00:00, 2017-02-19, 10:00:00
毕设开题报告, 2017-02-19, 10:00:00, 2017-02-19, 12:00:00
训练英文文章要点提取, 2017-02-19, 13:00:00, 2017-02-19, 13:30:00
transport, 2017-02-19, 13:30:00, 2017-02-19, 15:00:00
毕设开题报告, 2017-02-19, 15:00:00, 2017-02-19, 17:00:00
eating, 2017-02-19, 17:00:00, 2017-02-19, 18:00:00
放松的时间, 2017-02-19, 19:00:00, 2017-02-19, 19:30:00
英语口语, 2017-02-19, 19:30:00, 2017-02-19, 20:30:00
毕设开题报告, 2017-02-19, 20:30:00, 2017-02-19, 22:00:00
think fast and slow, 2017-02-19, 22:00:00, 2017-02-19, 23:00:00
